TxHash,BlockHeight,Sender,TxType
965DB41AD7D2439690E01A37A395C89E5D814211F8965D687947E3FD5C7A08C8,7608032,,distribution/MsgWithdrawValidatorCommission
AF2B6E04456368AF4521FCCA1D83680CEF099B2FABB944666EA5FBD61091A1C2,7607864,,distribution/MsgWithdrawValidatorCommission
EE09DD5344CCCFF516CE39900D6D2553A938FEFAE853C6DBE20FEBFE225CB19E,7607618,,distribution/MsgWithdrawValidatorCommission
8B3F4B2406542A9486127B107F5ED4E13098E6D522A673CA5345A74A3FC839D9,7607482,,distribution/MsgWithdrawValidatorCommission
73CA3A8C55437A52888E20938DD5CF72B960106FA21483B536437ACC795C0E63,7607288,,distribution/MsgWithdrawValidatorCommission
CA48D4E42694C4BAB907FD11AEB88424273CCF007587A889BE1F20D10F9FB210,7607000,,distribution/MsgWithdrawValidatorCommission
56F1EEACFBDED3BD64F9206540659B520A5E243330A48759CDAD54F777ECA067,7606772,,distribution/MsgWithdrawValidatorCommission
0CF2E7495476B64EDBA8402A68F3E9BDF9A7D678FAEB33E40C2A647F36711626,7606753,,distribution/MsgWithdrawValidatorCommission
D769DF97736C174DC780EA19EB49B3FEF34332C4D43FA2F9072A8C8C175752F9,7606424,,distribution/MsgWithdrawValidatorCommission
2CC8D37F653A4C5141D51612E4559926433E38A1CA481234333E6B5E07F4DAC6,7605381,,distribution/MsgWithdrawValidatorCommission
CD0B98D7FF4D202D6977D61686902045BC90ABCF6897EC5B23B5F9981624F2A1,7604593,,distribution/MsgWithdrawValidatorCommission
C588D8C13FDD5D0AE1CB9C83830950CD2B7B6940EC94ADE4B73BEC5A8C9EA004,7604445,,distribution/MsgWithdrawValidatorCommission
EB0FB817532CB05111A4CA3F070ADDE0352642CA291DBD63D27EAD55AE3BC0FD,7604205,,distribution/MsgWithdrawValidatorCommission
177305C494024176C70BE81A9E5C95A3171B69F6917C46E8ED632C2CB1C060FF,7604194,,distribution/MsgWithdrawValidatorCommission
54260001D8946E3E7E95B46BB24EDC916352B5CB263FF23AE757EC9E8E885FB5,7604063,,distribution/MsgWithdrawValidatorCommission
DFECBADC5B8595BC26BDA982A0B4DCD6BFA1C8B047007655683D64D5CFC26D3B,7603752,,distribution/MsgWithdrawValidatorCommission
003810E717BD7F6DDC1239C99877E7E6F1E34049A95A121F8CDAAAA4CD78DD98,7603731,,distribution/MsgWithdrawValidatorCommission
2300A9C1C465764BA309484F9AB5610947D59D6901DCCD2A46598471CC14364F,7603728,,distribution/MsgWithdrawValidatorCommission
DA76A7ACBF51E666598D631E8FFA6284B4347299C1B1637ECE23551EDBD11A37,7603695,,distribution/MsgWithdrawValidatorCommission
E67F7A1568E34B204FDBB06BE9889AAABA0C53E883AF75ECCF864ACB07936B84,7603695,,distribution/MsgWithdrawValidatorCommission
5F3878E03EF95FD6538AE7DB554C6B5CC1F6ABC0F7D65DB796969C1AC584A830,7603697,,distribution/MsgWithdrawValidatorCommission
6DEC5B9F81C2B713FD8CB958C94FECB7109F7DDE9C9C65487D51BD74D0D779C2,7603550,,distribution/MsgWithdrawValidatorCommission
4D7D2F1F2CAD6B567E58B1A13D00C29EAEA3074BB61AA1C09B6E4FC2B7CACA60,7603515,,distribution/MsgWithdrawValidatorCommission
C015F30D6A1079ABCB257B3FB484FC8D27E20987C2E7D58DF5BC46F2D399E4A9,7603494,,distribution/MsgWithdrawValidatorCommission
1FDC6049506CB71456742BFF731E3DDFD4BE1CD903BB29D3A13649658308BB8A,7603408,,distribution/MsgWithdrawValidatorCommission
6F6F6F64B3FC5D4BEF19F2A4F94893C830E96A6A0533AB35530B5CD8BD598B80,7603363,,distribution/MsgWithdrawValidatorCommission
1DE3646905F06486A3EF17AF0FD5FE26011C665A8E8B66C95FB3ED1C902469AD,7603323,,distribution/MsgWithdrawValidatorCommission
00873AB1D587B084200E2C0B4C2F1B5149547DC37FD7524C2DD1C368EBF1601F,7603275,,distribution/MsgWithdrawValidatorCommission
5FEA381256F1266AFDFEE40BA5593E701435E3F48CEF3E1426094EBB7A8DD38E,7603231,,distribution/MsgModifyWithdrawAddress
B7D5014821222D2FD7A03964104F840076D20806753C4160773A2B09AE241D5B,7603075,,distribution/MsgWithdrawValidatorCommission
2C0CBDE21A90B88614651EF9F3AECA0639C1946DB7F682820F32EEFFABF495CF,7602918,,distribution/MsgWithdrawValidatorCommission
62E95A604F0EC866E2567FE1EEBB851BD48F60406244ACFD48D022545BCB12D3,7602770,,distribution/MsgWithdrawValidatorCommission
D8F598AE3B7029C67DD7D34E019382A09812FB31C619972FB32591C61EEB3F17,7602645,,distribution/MsgWithdrawValidatorCommission
D8F598AE3B7029C67DD7D34E019382A09812FB31C619972FB32591C61EEB3F17,7602645,,distribution/MsgWithdrawValidatorCommission
13AB92CC8570E8DBFC12816865E8DDA38B8038696E45287EB13DBC757B349765,7602632,,distribution/MsgWithdrawValidatorCommission
69D5F513A22CD56732717D8F16D81EF971B647E00D1C04F1D6139CD445EEB38D,7602581,,distribution/MsgWithdrawValidatorCommission
FBE110BA0E09E00CE56D16F6F230BB24150F9338D5844FFF0B618D2BD0A6538B,7602402,,distribution/MsgWithdrawValidatorCommission
78BB3D4CE91B874F95C672343EA10C7A54397A313B2572BB37249BF2825D430C,7602162,,distribution/MsgWithdrawValidatorCommission
BF1F68E99956EDC940E2ECB21D4EA67682FF8F6B5124CE387A9A05A7F32EBF3C,7601950,,distribution/MsgWithdrawValidatorCommission
1071C85CA99D28FF1E79B57ADAE0E80C8C7BB018310F24E7899275EDA1F5BD9A,7601924,,distribution/MsgWithdrawValidatorCommission
7266FCFC74BDB9A52291F4EC8D46444B3ED16C40CC3F87A22A71E0004AA11FA8,7601836,,distribution/MsgWithdrawValidatorCommission
CB69A1B8876BAA153045F539F0ED58CD0DBE39F32A3B0E2DA05CDFEA45DAB36B,7601505,,distribution/MsgWithdrawValidatorCommission
